User_Id,Movie_Name,Movie_Review,Release_Date,Sentiment,Duration,Platform,Timestamp,Rating,Likes,Weekday,Month_Name,Rating_Review,Day_Category
User_id 122,Lagaan,Loved the acting and story,2001-12-16,Positive,120 Min,Youtube,2014-01-20 17:21:21,4.156666666666666,25.0,Monday,January,Average,Weekday
User_id 355,Bahubali,Excellent visuals but slow,2000-12-30,Negative,120 Min,Youtube,2024-09-13 02:56:38,6.0,3.0,Friday,September,Average,Weekday
User_id 333,Rrr,Amazing movie!!  must watch,1991-12-21,Positive,150 Min,Instagram,1990-12-14 09:58:27,7.5,0.0,Friday,December,Average,Weekday
User_id 938,Lagaan,It was okay... nothing special,2005-05-29,Very negative,180 Min,Instagram,2017-04-25 20:33:36,5.0,3.0,Tuesday,April,Average,Weekday
User_id 924,Pushpa,Loved the acting and story,2020-09-20,Very negative,90 Min,Youtube,2013-05-09 21:26:23,10.0,3.0,Thursday,May,Hit,Weekday
User_id 435,3 idiots,Not worth the hype,1993-09-15,Very positive,150 Min,Instagram,2005-01-09 10:35:25,-2.0,1200.0,Sunday,January,Flop,Weekend
User_id 406,Lagaan,It was okay... nothing special,1990-09-25,Negative,90 Min,Twitter,2018-03-09 11:00:57,5.0,25.0,Friday,March,Average,Weekday
User_id 554,3 idiots,Not worth the hype,1992-09-05,Neutral,180 Min,Netflix,2022-04-24 07:34:30,0.0,25.0,Sunday,April,Flop,Weekend
User_id 138,Lagaan,Loved the acting and story,1991-12-25,Positive,150 Min,Youtube,1998-09-01 00:16:51,5.0,1200.0,Tuesday,September,Average,Weekday
User_id 70,Dangal,Loved the acting and story,1990-01-06,Positive,90 Min,Twitter,2012-11-22 11:45:05,-2.0,3.0,Thursday,November,Flop,Weekday
User_id 824,Kgf chapter 2,Amazing movie!!  must watch,2014-07-09,Very positive,120 Min,Facebook,2001-10-11 15:02:48,10.0,0.0,Thursday,October,Hit,Weekday
User_id 302,Dangal,Excellent visuals but slow,1997-05-08,Very positive,120 Min,Netflix,2020-06-17 04:23:42,2.5,1200.0,Wednesday,June,Flop,Weekday
User_id 854,The dark knight,Not worth the hype,2013-04-08,Very positive,90 Min,Facebook,1996-07-22 20:49:58,4.0,3.0,Monday,July,Average,Weekday
User_id 139,Bahubali,Bad direction  poor script,1995-05-13,Negative,90 Min,Youtube,2009-05-21 01:47:08,7.5,1200.0,Thursday,May,Average,Weekday
User_id 6,Sholay,Excellent visuals but slow,2023-03-15,Very positive,150 Min,Youtube,2024-09-25 00:10:33,5.0,50.0,Wednesday,September,Average,Weekday
User_id 258,Bahubali,Bad direction  poor script,1994-09-13,Very negative,150 Min,Instagram,2015-07-30 10:05:17,10.0,25.0,Thursday,July,Hit,Weekday
User_id 53,Interstellar,Loved the acting and story,1991-12-06,Very negative,120 Min,Instagram,2012-08-29 06:48:57,4.156666666666666,25.0,Wednesday,August,Average,Weekday
User_id 834,Inception,Bad direction  poor script,2004-03-22,Positive,150 Min,Imdb,2014-02-13 04:59:56,10.0,25.0,Thursday,February,Hit,Weekday
User_id 514,Kgf chapter 2,Not worth the hype,1991-04-08,Neutral,90 Min,Youtube,2005-04-11 12:58:14,10.0,25.0,Monday,April,Hit,Weekday
User_id 543,Pathaan,Not worth the hype,2016-12-20,Very negative,180 Min,Facebook,2021-03-18 18:07:44,4.156666666666666,0.0,Thursday,March,Average,Weekday
User_id 380,Sholay,Loved the acting and story,2004-02-26,Neutral,150 Min,Youtube,2005-05-22 06:52:11,6.0,3.0,Sunday,May,Average,Weekend
User_id 394,Interstellar,Not worth the hype,1997-11-05,Very negative,180 Min,Facebook,1993-02-07 09:07:58,4.0,50.0,Sunday,February,Average,Weekend
User_id 435,Kgf chapter 2,Amazing movie!!  must watch,2016-04-14,Very positive,150 Min,Twitter,2010-11-19 18:48:45,5.0,25.0,Friday,November,Average,Weekday
User_id 166,Sholay,Loved the acting and story,2015-03-31,Very negative,150 Min,Instagram,2020-12-21 14:32:36,4.0,0.0,Monday,December,Average,Weekday
User_id 778,The dark knight,Loved the acting and story,2019-08-13,Very positive,150 Min,Youtube,2014-01-02 01:30:34,0.0,0.0,Thursday,January,Flop,Weekday
User_id 12,Jawan,Not worth the hype,1991-06-11,Very positive,90 Min,Imdb,2024-09-25 09:45:37,4.156666666666666,0.0,Wednesday,September,Average,Weekday
User_id 102,3 idiots,Amazing movie!!  must watch,2001-05-14,Neutral,150 Min,Youtube,2006-01-16 13:02:38,4.156666666666666,3.0,Monday,January,Average,Weekday
User_id 134,The dark knight,It was okay... nothing special,2013-07-16,Negative,90 Min,Instagram,2003-08-01 15:55:56,7.5,25.0,Friday,August,Average,Weekday
User_id 401,Inception,Loved the acting and story,2017-06-29,Very negative,90 Min,Facebook,1998-10-05 16:59:04,6.0,3.0,Monday,October,Average,Weekday
User_id 715,Jawan,Loved the acting and story,2024-03-02,Very positive,90 Min,Facebook,1996-11-25 15:08:12,2.5,25.0,Monday,November,Flop,Weekday
User_id 88,Inception,Loved the acting and story,1991-02-28,Positive,180 Min,Netflix,2004-06-10 17:01:02,2.5,1200.0,Thursday,June,Flop,Weekday
User_id 112,Pathaan,Worst movie ever,2003-08-24,Positive,150 Min,Netflix,2018-11-05 10:13:32,4.156666666666666,1200.0,Monday,November,Average,Weekday
User_id 938,Rrr,Worst movie ever,2008-08-01,Negative,90 Min,Netflix,2009-06-30 12:35:12,6.0,3.0,Tuesday,June,Average,Weekday
User_id 35,Interstellar,Worst movie ever,2011-05-03,Positive,150 Min,Twitter,2010-08-22 11:35:39,4.156666666666666,3.0,Sunday,August,Average,Weekend
User_id 134,Bahubali,Worst movie ever,2007-07-10,Positive,120 Min,Imdb,2023-10-12 03:37:42,5.0,1200.0,Thursday,October,Average,Weekday
User_id 809,Titanic,Loved the acting and story,1998-01-24,Very positive,150 Min,Youtube,1996-04-22 00:10:50,-2.0,0.0,Monday,April,Flop,Weekday
User_id 391,Titanic,Loved the acting and story,2009-04-19,Negative,180 Min,Twitter,1992-07-12 04:07:29,-2.0,25.0,Sunday,July,Flop,Weekend
User_id 172,Rrr,Not worth the hype,1999-04-04,Negative,150 Min,Youtube,2005-04-26 21:09:05,4.156666666666666,0.0,Tuesday,April,Average,Weekday
User_id 84,Bahubali,Not worth the hype,2000-04-08,Positive,120 Min,Imdb,1992-11-24 03:59:15,4.0,25.0,Tuesday,November,Average,Weekday
User_id 216,Lagaan,Bad direction  poor script,2024-06-04,Very negative,150 Min,Youtube,2014-11-27 11:23:40,0.0,3.0,Thursday,November,Flop,Weekday
User_id 9,Bahubali,It was okay... nothing special,2020-12-17,Positive,150 Min,Imdb,2024-01-16 00:41:18,-2.0,3.0,Tuesday,January,Flop,Weekday
User_id 198,Bahubali,Loved the acting and story,1994-09-11,Very negative,90 Min,Instagram,2007-11-26 20:43:04,2.5,25.0,Monday,November,Flop,Weekday
User_id 185,Lagaan,Loved the acting and story,2002-09-16,Very negative,90 Min,Instagram,2007-05-17 00:16:46,4.156666666666666,1200.0,Thursday,May,Average,Weekday
User_id 637,Bahubali,Worst movie ever,1994-07-10,Negative,90 Min,Twitter,2002-02-18 03:57:58,-2.0,0.0,Monday,February,Flop,Weekday
User_id 15,Bahubali,Worst movie ever,2001-04-22,Very positive,120 Min,Imdb,2001-08-30 16:50:35,-2.0,1200.0,Thursday,August,Flop,Weekday
User_id 137,Interstellar,Not worth the hype,2018-08-14,Neutral,180 Min,Instagram,1990-03-29 02:53:07,-2.0,3.0,Thursday,March,Flop,Weekday
User_id 100,Dangal,Worst movie ever,1995-12-08,Very positive,120 Min,Youtube,1999-05-29 07:58:00,6.0,25.0,Saturday,May,Average,Weekend
User_id 188,Interstellar,Loved the acting and story,1997-07-17,Very positive,150 Min,Twitter,1991-01-26 03:50:36,6.0,0.0,Saturday,January,Average,Weekend
User_id 64,Dangal,Bad direction  poor script,2022-01-16,Negative,150 Min,Facebook,2016-10-19 17:50:42,5.0,3.0,Wednesday,October,Average,Weekday
User_id 171,Interstellar,Worst movie ever,2009-02-25,Negative,180 Min,Twitter,2008-12-17 02:55:51,0.0,25.0,Wednesday,December,Flop,Weekday
User_id 58,Titanic,Not worth the hype,1992-10-24,Very positive,90 Min,Instagram,2007-12-23 18:45:52,6.0,1200.0,Sunday,December,Average,Weekend
User_id 137,Inception,Not worth the hype,1999-09-13,Positive,180 Min,Twitter,2013-12-30 09:44:01,2.5,1200.0,Monday,December,Flop,Weekday
User_id 169,Pushpa,Amazing movie!!  must watch,2022-01-09,Positive,180 Min,Netflix,2011-03-13 19:24:21,0.0,1200.0,Sunday,March,Flop,Weekend
User_id 169,Dangal,Excellent visuals but slow,1994-08-30,Positive,120 Min,Instagram,1996-10-30 21:51:41,0.0,1200.0,Wednesday,October,Flop,Weekday
User_id 170,Bahubali,Bad direction  poor script,2008-11-16,Neutral,150 Min,Youtube,1998-04-04 17:33:54,10.0,3.0,Saturday,April,Hit,Weekend
User_id 921,Jawan,Excellent visuals but slow,1996-06-17,Very negative,90 Min,Netflix,2016-12-10 03:29:58,2.5,1200.0,Saturday,December,Flop,Weekend
User_id 226,Bahubali,It was okay... nothing special,2023-10-10,Very positive,150 Min,Netflix,2023-03-15 09:53:34,5.0,25.0,Wednesday,March,Average,Weekday
User_id 44,The dark knight,Bad direction  poor script,1994-05-06,Very positive,150 Min,Youtube,2019-10-03 05:57:06,-2.0,25.0,Thursday,October,Flop,Weekday
User_id 44,Pushpa,Excellent visuals but slow,2021-12-22,Positive,180 Min,Imdb,2023-11-29 07:56:40,10.0,3.0,Wednesday,November,Hit,Weekday
User_id 332,Dangal,Not worth the hype,2008-09-02,Neutral,150 Min,Netflix,2011-07-28 05:15:06,4.156666666666666,1200.0,Thursday,July,Average,Weekday
User_id 150,Bahubali,Amazing movie!!  must watch,1996-04-17,Negative,150 Min,Netflix,2020-10-07 12:47:51,0.0,50.0,Wednesday,October,Flop,Weekday
User_id 530,Avatar,Not worth the hype,2011-10-19,Very negative,120 Min,Youtube,1996-12-27 08:22:43,10.0,1200.0,Friday,December,Hit,Weekday
User_id 674,Kgf chapter 2,Excellent visuals but slow,2011-03-11,Very positive,150 Min,Twitter,2018-08-12 13:55:26,-2.0,0.0,Sunday,August,Flop,Weekend
User_id 459,Inception,Amazing movie!!  must watch,2022-01-06,Neutral,150 Min,Facebook,2024-11-29 07:44:35,10.0,3.0,Friday,November,Hit,Weekday
User_id 797,3 idiots,It was okay... nothing special,2019-11-09,Negative,120 Min,Instagram,1995-09-07 20:28:12,7.5,3.0,Thursday,September,Average,Weekday
User_id 70,Bahubali,Excellent visuals but slow,1995-08-11,Neutral,150 Min,Imdb,2003-12-10 21:04:22,2.5,3.0,Wednesday,December,Flop,Weekday
User_id 775,Pushpa,Amazing movie!!  must watch,2016-11-29,Very positive,90 Min,Youtube,2007-12-06 22:31:04,2.5,25.0,Thursday,December,Flop,Weekday
User_id 90,3 idiots,Loved the acting and story,2023-01-24,Very positive,120 Min,Youtube,1993-04-15 11:32:24,-2.0,25.0,Thursday,April,Flop,Weekday
User_id 101,Inception,It was okay... nothing special,1997-11-05,Negative,120 Min,Twitter,2008-12-10 20:41:58,7.5,1200.0,Wednesday,December,Average,Weekday
User_id 112,3 idiots,Amazing movie!!  must watch,2008-08-07,Positive,120 Min,Facebook,2012-10-06 12:24:53,5.0,0.0,Saturday,October,Average,Weekend
User_id 90,Jawan,Worst movie ever,1995-06-07,Positive,180 Min,Youtube,2012-06-07 10:02:52,2.5,0.0,Thursday,June,Flop,Weekday
User_id 81,Avatar,It was okay... nothing special,2017-02-19,Very positive,150 Min,Instagram,2013-12-21 01:39:30,0.0,25.0,Saturday,December,Flop,Weekend
User_id 256,Rrr,Bad direction  poor script,1999-12-11,Neutral,150 Min,Instagram,2010-10-17 15:50:21,7.5,1200.0,Sunday,October,Average,Weekend
User_id 115,Kgf chapter 2,Excellent visuals but slow,2003-03-01,Positive,180 Min,Youtube,1994-06-03 19:54:20,6.0,50.0,Friday,June,Average,Weekday
User_id 637,Avatar,Worst movie ever,2024-09-24,Positive,150 Min,Netflix,2008-09-02 16:28:43,4.0,50.0,Tuesday,September,Average,Weekday
User_id 61,Avatar,Bad direction  poor script,2000-08-26,Very positive,120 Min,Imdb,2007-04-19 17:04:23,7.5,1200.0,Thursday,April,Average,Weekday
User_id 723,Avatar,It was okay... nothing special,2021-05-20,Very negative,150 Min,Instagram,2003-08-26 13:09:10,7.5,0.0,Tuesday,August,Average,Weekday
User_id 247,Sholay,Worst movie ever,2003-04-24,Negative,90 Min,Imdb,1992-03-16 09:59:59,2.5,50.0,Monday,March,Flop,Weekday
User_id 720,Avatar,Not worth the hype,2004-12-09,Very negative,150 Min,Facebook,1991-10-10 03:15:02,5.0,25.0,Thursday,October,Average,Weekday
User_id 22,Kgf chapter 2,Worst movie ever,1994-03-29,Very negative,90 Min,Twitter,2017-03-09 21:15:41,-2.0,3.0,Thursday,March,Flop,Weekday
User_id 253,Interstellar,Worst movie ever,2010-03-19,Negative,90 Min,Facebook,2023-02-06 12:01:39,7.5,0.0,Monday,February,Average,Weekday
User_id 452,Jawan,Worst movie ever,2015-07-19,Negative,150 Min,Instagram,2003-06-06 23:43:50,7.5,50.0,Friday,June,Average,Weekday
User_id 705,3 idiots,Not worth the hype,1998-11-08,Negative,90 Min,Instagram,2000-06-04 15:57:47,-2.0,3.0,Sunday,June,Flop,Weekend
User_id 622,3 idiots,Amazing movie!!  must watch,2012-05-18,Very positive,150 Min,Imdb,2018-08-10 07:50:39,6.0,1200.0,Friday,August,Average,Weekday
User_id 20,Interstellar,Bad direction  poor script,2003-04-30,Neutral,150 Min,Instagram,2017-09-10 06:12:00,-2.0,3.0,Sunday,September,Flop,Weekend
User_id 132,Inception,Worst movie ever,2010-11-09,Neutral,90 Min,Twitter,2009-07-24 17:19:06,7.5,1200.0,Friday,July,Average,Weekday
User_id 7,Bahubali,Worst movie ever,2009-10-14,Very positive,150 Min,Twitter,2021-03-31 15:30:22,5.0,3.0,Wednesday,March,Average,Weekday
User_id 377,Interstellar,It was okay... nothing special,2015-10-04,Very negative,120 Min,Twitter,1990-05-31 20:45:22,5.0,3.0,Thursday,May,Average,Weekday
User_id 432,Avatar,Worst movie ever,1998-01-18,Neutral,150 Min,Netflix,2010-04-29 04:52:49,10.0,25.0,Thursday,April,Hit,Weekday
User_id 189,Bahubali,Loved the acting and story,1997-03-22,Neutral,90 Min,Facebook,2024-06-12 12:34:44,6.0,1200.0,Wednesday,June,Average,Weekday
User_id 15,Pathaan,Worst movie ever,2011-04-19,Negative,90 Min,Instagram,1996-12-10 19:22:28,5.0,1200.0,Tuesday,December,Average,Weekday
User_id 1,Bahubali,Loved the acting and story,2019-12-20,Positive,150 Min,Twitter,2001-08-22 04:51:17,0.0,3.0,Wednesday,August,Flop,Weekday
User_id 695,Pathaan,Worst movie ever,2000-11-08,Very negative,150 Min,Instagram,2018-11-26 08:50:25,10.0,3.0,Monday,November,Hit,Weekday
User_id 400,Kgf chapter 2,It was okay... nothing special,2021-02-17,Neutral,150 Min,Twitter,2000-06-01 23:49:28,4.0,3.0,Thursday,June,Average,Weekday
User_id 94,Interstellar,Not worth the hype,2010-07-07,Very negative,180 Min,Imdb,1991-10-22 01:15:09,7.5,3.0,Tuesday,October,Average,Weekday
User_id 115,Rrr,Amazing movie!!  must watch,2017-11-12,Very negative,150 Min,Instagram,1998-08-29 07:01:44,-2.0,3.0,Saturday,August,Flop,Weekend
User_id 560,Rrr,Bad direction  poor script,2018-02-08,Very positive,150 Min,Netflix,1998-08-08 10:51:25,2.5,50.0,Saturday,August,Flop,Weekend
User_id 559,The dark knight,Excellent visuals but slow,2020-05-25,Very negative,150 Min,Netflix,2003-06-05 08:55:30,4.0,25.0,Thursday,June,Average,Weekday
User_id 138,Bahubali,Worst movie ever,2001-02-03,Negative,120 Min,Facebook,2018-06-08 07:23:06,7.5,3.0,Friday,June,Average,Weekday
User_id 846,Bahubali,Bad direction  poor script,2023-12-30,Very negative,120 Min,Netflix,2017-12-14 12:46:49,5.0,1200.0,Thursday,December,Average,Weekday
User_id 185,Titanic,Not worth the hype,2024-06-19,Neutral,180 Min,Instagram,2009-11-11 18:40:19,2.5,50.0,Wednesday,November,Flop,Weekday
User_id 85,Jawan,Excellent visuals but slow,2024-05-10,Neutral,180 Min,Facebook,2012-11-06 18:23:10,7.5,3.0,Tuesday,November,Average,Weekday
User_id 76,Avatar,Worst movie ever,2018-09-12,Very positive,120 Min,Netflix,2006-03-06 12:43:31,2.5,25.0,Monday,March,Flop,Weekday
User_id 201,Dangal,Worst movie ever,1997-09-05,Very negative,150 Min,Facebook,2001-02-07 13:08:58,10.0,3.0,Wednesday,February,Hit,Weekday
User_id 471,Pathaan,Amazing movie!!  must watch,1992-11-12,Very negative,90 Min,Instagram,2019-12-21 05:15:03,7.5,0.0,Saturday,December,Average,Weekend
User_id 218,Kgf chapter 2,Loved the acting and story,2015-03-24,Positive,90 Min,Facebook,2019-02-03 12:44:11,6.0,25.0,Sunday,February,Average,Weekend
User_id 84,Pushpa,Excellent visuals but slow,2016-03-12,Very negative,120 Min,Instagram,2024-01-16 13:40:21,7.5,1200.0,Tuesday,January,Average,Weekday
User_id 29,The dark knight,Bad direction  poor script,2021-03-05,Positive,180 Min,Twitter,1997-05-06 22:06:08,5.0,1200.0,Tuesday,May,Average,Weekday
User_id 49,Titanic,Worst movie ever,2023-09-19,Negative,180 Min,Twitter,1991-08-17 02:32:13,7.5,0.0,Saturday,August,Average,Weekend
User_id 151,Avatar,Excellent visuals but slow,2012-04-30,Very positive,90 Min,Netflix,2017-11-26 07:07:27,-2.0,3.0,Sunday,November,Flop,Weekend
User_id 685,Bahubali,Not worth the hype,2019-08-27,Positive,150 Min,Youtube,2016-03-19 17:14:52,10.0,25.0,Saturday,March,Hit,Weekend
User_id 274,Avatar,Amazing movie!!  must watch,2001-12-03,Very negative,150 Min,Twitter,2000-11-11 07:00:43,4.0,0.0,Saturday,November,Average,Weekend
User_id 722,Titanic,Bad direction  poor script,2003-12-27,Positive,120 Min,Netflix,2023-02-15 22:17:05,10.0,1200.0,Wednesday,February,Hit,Weekday
User_id 447,Bahubali,Not worth the hype,2004-12-31,Very positive,90 Min,Instagram,2014-12-05 13:31:02,-2.0,3.0,Friday,December,Flop,Weekday
User_id 28,Kgf chapter 2,Worst movie ever,2013-06-23,Very negative,120 Min,Imdb,2022-07-11 21:13:22,0.0,25.0,Monday,July,Flop,Weekday
User_id 887,Avatar,Bad direction  poor script,2015-12-24,Neutral,150 Min,Twitter,2010-01-17 00:55:05,4.0,50.0,Sunday,January,Average,Weekend
User_id 20,Dangal,Excellent visuals but slow,2019-11-24,Very positive,150 Min,Twitter,1995-09-01 14:42:08,10.0,50.0,Friday,September,Hit,Weekday
User_id 326,3 idiots,Bad direction  poor script,2004-08-03,Very positive,90 Min,Facebook,1997-08-04 06:49:14,7.5,0.0,Monday,August,Average,Weekday
User_id 19,Pathaan,Not worth the hype,2001-02-16,Very positive,180 Min,Instagram,2021-05-16 12:19:20,10.0,50.0,Sunday,May,Hit,Weekend
User_id 181,Dangal,Bad direction  poor script,2016-07-13,Very negative,120 Min,Netflix,2013-09-02 03:28:43,0.0,25.0,Monday,September,Flop,Weekday
User_id 123,Avatar,Excellent visuals but slow,2010-09-07,Positive,150 Min,Instagram,2001-02-13 02:06:39,4.0,0.0,Tuesday,February,Average,Weekday
User_id 333,Kgf chapter 2,It was okay... nothing special,1993-07-18,Negative,90 Min,Netflix,1992-06-03 16:25:23,6.0,1200.0,Wednesday,June,Average,Weekday
User_id 31,Interstellar,Loved the acting and story,2020-01-23,Very negative,150 Min,Youtube,1993-03-13 06:13:55,0.0,50.0,Saturday,March,Flop,Weekend
User_id 556,Bahubali,Worst movie ever,2002-09-16,Positive,180 Min,Facebook,2000-07-23 13:46:52,7.5,25.0,Sunday,July,Average,Weekend
User_id 306,Jawan,Amazing movie!!  must watch,2022-02-15,Negative,180 Min,Youtube,1997-09-03 09:19:19,4.156666666666666,1200.0,Wednesday,September,Average,Weekday
User_id 61,Titanic,Amazing movie!!  must watch,1991-10-15,Neutral,150 Min,Instagram,2008-12-27 23:42:53,-2.0,25.0,Saturday,December,Flop,Weekend
User_id 715,The dark knight,Not worth the hype,2014-10-07,Negative,120 Min,Instagram,1997-12-27 17:54:35,10.0,50.0,Saturday,December,Hit,Weekend
User_id 806,Titanic,Loved the acting and story,2011-06-30,Very negative,90 Min,Facebook,1998-02-27 22:26:55,7.5,3.0,Friday,February,Average,Weekday
User_id 875,Jawan,It was okay... nothing special,1999-07-14,Very positive,90 Min,Netflix,2005-05-23 23:32:36,4.156666666666666,50.0,Monday,May,Average,Weekday
User_id 474,Pathaan,It was okay... nothing special,1997-12-26,Very positive,120 Min,Youtube,1996-03-31 10:39:31,10.0,3.0,Sunday,March,Hit,Weekend
User_id 276,Lagaan,Amazing movie!!  must watch,2024-07-07,Negative,90 Min,Youtube,2021-06-26 10:56:04,2.5,0.0,Saturday,June,Flop,Weekend
User_id 851,Titanic,It was okay... nothing special,2012-06-05,Very positive,120 Min,Netflix,2016-10-21 15:29:14,2.5,3.0,Friday,October,Flop,Weekday
User_id 591,Jawan,Loved the acting and story,2005-07-07,Positive,150 Min,Instagram,1991-12-23 07:33:49,10.0,1200.0,Monday,December,Hit,Weekday
User_id 52,Kgf chapter 2,It was okay... nothing special,2023-11-04,Negative,90 Min,Twitter,1990-03-25 09:35:16,6.0,1200.0,Sunday,March,Average,Weekend
User_id 21,Dangal,Loved the acting and story,2008-04-02,Very negative,150 Min,Imdb,2003-12-05 14:49:31,6.0,25.0,Friday,December,Average,Weekday
User_id 106,Inception,Loved the acting and story,2020-02-22,Positive,150 Min,Instagram,2022-12-03 01:44:54,4.156666666666666,3.0,Saturday,December,Average,Weekend
User_id 631,Pathaan,Amazing movie!!  must watch,1999-12-12,Neutral,150 Min,Imdb,2023-09-10 08:36:10,4.0,50.0,Sunday,September,Average,Weekend
User_id 44,Sholay,Bad direction  poor script,1991-10-09,Neutral,150 Min,Facebook,2007-06-17 00:41:04,10.0,3.0,Sunday,June,Hit,Weekend
User_id 501,Interstellar,Amazing movie!!  must watch,2014-04-09,Negative,120 Min,Imdb,2012-10-16 22:39:29,10.0,3.0,Tuesday,October,Hit,Weekday
User_id 33,Pathaan,It was okay... nothing special,2014-07-08,Very positive,150 Min,Imdb,1998-02-03 17:12:57,2.5,50.0,Tuesday,February,Flop,Weekday
User_id 278,The dark knight,Worst movie ever,2002-02-16,Very positive,90 Min,Youtube,1992-05-07 10:18:33,4.156666666666666,25.0,Thursday,May,Average,Weekday
User_id 147,Bahubali,Excellent visuals but slow,2005-12-19,Neutral,150 Min,Imdb,2006-05-02 19:46:02,-2.0,1200.0,Tuesday,May,Flop,Weekday
User_id 655,Avatar,It was okay... nothing special,2001-05-30,Negative,90 Min,Netflix,2005-01-07 21:46:42,2.5,3.0,Friday,January,Flop,Weekday
User_id 734,Lagaan,Not worth the hype,2015-03-07,Very negative,150 Min,Facebook,2020-11-02 15:48:39,5.0,1200.0,Monday,November,Average,Weekday
User_id 109,Lagaan,Loved the acting and story,2011-12-02,Positive,90 Min,Imdb,2018-12-01 03:57:24,10.0,25.0,Saturday,December,Hit,Weekend
User_id 137,Pathaan,Loved the acting and story,1993-01-29,Neutral,150 Min,Twitter,1995-07-28 05:31:22,0.0,1200.0,Friday,July,Flop,Weekday
User_id 379,Inception,Excellent visuals but slow,2019-10-18,Negative,150 Min,Twitter,2009-08-14 03:59:42,6.0,3.0,Friday,August,Average,Weekday
User_id 460,Avatar,Bad direction  poor script,2000-09-18,Positive,150 Min,Imdb,1997-03-05 05:02:41,4.156666666666666,50.0,Wednesday,March,Average,Weekday
User_id 218,Titanic,It was okay... nothing special,1991-08-16,Very negative,150 Min,Youtube,2007-02-05 11:11:20,4.156666666666666,25.0,Monday,February,Average,Weekday
User_id 152,Sholay,Bad direction  poor script,1995-07-20,Neutral,90 Min,Twitter,2024-08-01 20:34:04,4.156666666666666,50.0,Thursday,August,Average,Weekday
User_id 970,Bahubali,Worst movie ever,2020-05-28,Very positive,90 Min,Youtube,2010-05-17 01:03:14,-2.0,1200.0,Monday,May,Flop,Weekday
User_id 43,Lagaan,Not worth the hype,1998-06-30,Negative,90 Min,Twitter,2003-04-12 19:03:25,7.5,50.0,Saturday,April,Average,Weekend
User_id 118,Inception,Worst movie ever,2008-11-16,Very positive,150 Min,Twitter,2016-11-12 13:22:32,2.5,3.0,Saturday,November,Flop,Weekend
User_id 523,Bahubali,Amazing movie!!  must watch,2018-09-26,Positive,180 Min,Netflix,1993-09-17 14:33:17,10.0,0.0,Friday,September,Hit,Weekday
User_id 82,Sholay,Bad direction  poor script,1993-06-01,Very negative,150 Min,Twitter,1998-04-07 13:26:47,6.0,1200.0,Tuesday,April,Average,Weekday
User_id 116,Interstellar,Not worth the hype,2024-08-01,Neutral,90 Min,Youtube,2000-02-15 18:30:21,6.0,3.0,Tuesday,February,Average,Weekday
User_id 810,Titanic,Not worth the hype,1993-05-30,Negative,90 Min,Facebook,2015-10-16 22:59:55,6.0,1200.0,Friday,October,Average,Weekday
User_id 395,Rrr,It was okay... nothing special,1992-10-12,Positive,180 Min,Twitter,2003-10-22 02:25:33,0.0,0.0,Wednesday,October,Flop,Weekday
User_id 48,Dangal,Worst movie ever,2019-07-20,Positive,150 Min,Imdb,1993-03-08 11:56:21,10.0,25.0,Monday,March,Hit,Weekday
User_id 157,Sholay,Loved the acting and story,2003-11-12,Negative,90 Min,Twitter,2003-02-08 08:08:48,6.0,0.0,Saturday,February,Average,Weekend
User_id 856,The dark knight,Amazing movie!!  must watch,1995-07-02,Negative,90 Min,Youtube,1992-05-16 07:08:24,-2.0,0.0,Saturday,May,Flop,Weekend
User_id 110,The dark knight,Amazing movie!!  must watch,2020-09-09,Very negative,150 Min,Instagram,2005-05-17 21:58:35,4.0,1200.0,Tuesday,May,Average,Weekday
User_id 374,Bahubali,Loved the acting and story,2018-01-03,Very positive,150 Min,Imdb,1993-02-02 00:50:27,4.0,3.0,Tuesday,February,Average,Weekday
User_id 52,Kgf chapter 2,Worst movie ever,2005-03-27,Neutral,180 Min,Instagram,2024-10-21 04:10:39,5.0,0.0,Monday,October,Average,Weekday
User_id 49,Rrr,Bad direction  poor script,2001-06-06,Very negative,90 Min,Netflix,2013-02-25 11:16:55,5.0,1200.0,Monday,February,Average,Weekday
User_id 859,3 idiots,Not worth the hype,2006-10-15,Positive,150 Min,Youtube,1991-12-20 04:41:01,-2.0,25.0,Friday,December,Flop,Weekday
User_id 238,Rrr,Worst movie ever,1994-04-05,Negative,90 Min,Imdb,1991-10-31 00:38:33,0.0,25.0,Thursday,October,Flop,Weekday
User_id 172,Dangal,Bad direction  poor script,1999-12-17,Very negative,150 Min,Youtube,1998-04-28 01:57:04,7.5,1200.0,Tuesday,April,Average,Weekday
User_id 933,3 idiots,Excellent visuals but slow,1994-03-13,Very negative,180 Min,Youtube,2006-06-12 10:39:02,4.156666666666666,1200.0,Monday,June,Average,Weekday
User_id 665,Pathaan,It was okay... nothing special,2015-04-02,Very negative,180 Min,Facebook,1991-07-26 15:44:38,10.0,0.0,Friday,July,Hit,Weekday
User_id 401,The dark knight,It was okay... nothing special,2006-04-22,Negative,180 Min,Facebook,2014-09-26 11:54:08,4.156666666666666,3.0,Friday,September,Average,Weekday
User_id 331,Sholay,Loved the acting and story,1990-06-01,Very positive,180 Min,Netflix,2013-01-02 05:26:40,6.0,50.0,Wednesday,January,Average,Weekday
User_id 384,Jawan,Not worth the hype,2011-04-17,Very negative,150 Min,Facebook,2006-09-21 22:39:18,10.0,0.0,Thursday,September,Hit,Weekday
User_id 336,Interstellar,Not worth the hype,2024-01-30,Very positive,150 Min,Imdb,1997-02-16 19:39:01,0.0,1200.0,Sunday,February,Flop,Weekend
User_id 32,Lagaan,Bad direction  poor script,2011-05-24,Neutral,120 Min,Facebook,2004-06-15 18:06:16,0.0,50.0,Tuesday,June,Flop,Weekday
User_id 72,The dark knight,Loved the acting and story,2001-08-14,Positive,90 Min,Facebook,1996-06-30 13:47:03,4.156666666666666,1200.0,Sunday,June,Average,Weekend
User_id 436,Inception,Bad direction  poor script,2017-12-17,Neutral,150 Min,Netflix,1996-01-12 18:13:16,7.5,3.0,Friday,January,Average,Weekday
User_id 821,Sholay,Amazing movie!!  must watch,2011-03-21,Very negative,150 Min,Youtube,2018-03-18 03:37:28,2.5,1200.0,Sunday,March,Flop,Weekend
User_id 810,Bahubali,Amazing movie!!  must watch,2018-09-04,Neutral,90 Min,Netflix,2009-06-23 13:47:14,4.0,1200.0,Tuesday,June,Average,Weekday
User_id 46,Pushpa,It was okay... nothing special,2002-04-18,Very negative,150 Min,Instagram,2004-04-05 02:08:30,-2.0,0.0,Monday,April,Flop,Weekday
User_id 649,Jawan,Loved the acting and story,1993-07-17,Very positive,120 Min,Netflix,2022-04-05 23:15:30,6.0,3.0,Tuesday,April,Average,Weekday
User_id 204,Interstellar,It was okay... nothing special,2008-01-30,Positive,90 Min,Instagram,2007-02-09 14:31:56,7.5,25.0,Friday,February,Average,Weekday
User_id 871,Bahubali,Loved the acting and story,2011-06-14,Positive,180 Min,Youtube,2003-01-25 07:08:45,7.5,1200.0,Saturday,January,Average,Weekend
User_id 489,Rrr,It was okay... nothing special,1990-04-08,Very positive,90 Min,Imdb,2013-01-20 09:31:51,-2.0,0.0,Sunday,January,Flop,Weekend
User_id 82,Interstellar,Amazing movie!!  must watch,1992-04-14,Positive,120 Min,Facebook,2000-12-15 06:34:54,-2.0,25.0,Friday,December,Flop,Weekday
User_id 951,The dark knight,Excellent visuals but slow,2024-12-17,Negative,180 Min,Netflix,1993-11-10 14:20:55,-2.0,3.0,Wednesday,November,Flop,Weekday
User_id 985,Inception,Amazing movie!!  must watch,2000-06-20,Positive,150 Min,Netflix,1997-08-27 23:00:17,-2.0,25.0,Wednesday,August,Flop,Weekday
User_id 81,Rrr,Not worth the hype,1994-03-07,Positive,150 Min,Netflix,2017-01-16 10:48:47,6.0,3.0,Monday,January,Average,Weekday
User_id 308,Lagaan,Amazing movie!!  must watch,2003-04-10,Positive,150 Min,Imdb,2000-03-09 09:04:08,4.156666666666666,3.0,Thursday,March,Average,Weekday
User_id 97,Sholay,Worst movie ever,2009-07-05,Neutral,150 Min,Youtube,2016-08-26 10:37:13,7.5,25.0,Friday,August,Average,Weekday
User_id 118,Kgf chapter 2,Not worth the hype,2004-02-07,Neutral,120 Min,Youtube,2006-09-12 21:56:37,4.0,0.0,Tuesday,September,Average,Weekday
User_id 817,Pathaan,Worst movie ever,2001-01-12,Positive,180 Min,Twitter,1996-03-20 17:15:10,7.5,0.0,Wednesday,March,Average,Weekday
User_id 152,Bahubali,It was okay... nothing special,2012-04-12,Neutral,150 Min,Youtube,2005-02-14 15:51:37,-2.0,0.0,Monday,February,Flop,Weekday
User_id 175,Dangal,Bad direction  poor script,2000-02-26,Very negative,90 Min,Instagram,1992-03-17 18:48:11,2.5,25.0,Tuesday,March,Flop,Weekday
User_id 61,3 idiots,Not worth the hype,2021-03-18,Very positive,120 Min,Imdb,2014-03-16 17:28:46,5.0,25.0,Sunday,March,Average,Weekend
User_id 171,Pushpa,Amazing movie!!  must watch,2022-03-19,Neutral,150 Min,Instagram,2004-07-05 22:00:26,4.0,1200.0,Monday,July,Average,Weekday
User_id 738,Rrr,Amazing movie!!  must watch,2015-12-01,Neutral,90 Min,Netflix,1996-06-17 04:16:07,-2.0,3.0,Monday,June,Flop,Weekday
User_id 728,Pushpa,Excellent visuals but slow,2004-01-26,Negative,150 Min,Imdb,2000-03-23 20:57:45,7.5,50.0,Thursday,March,Average,Weekday
User_id 824,Jawan,Excellent visuals but slow,1990-07-26,Negative,90 Min,Youtube,2010-05-06 11:01:09,7.5,3.0,Thursday,May,Average,Weekday
User_id 142,Pushpa,Excellent visuals but slow,2020-01-25,Very negative,150 Min,Youtube,2021-11-26 07:26:51,0.0,25.0,Friday,November,Flop,Weekday
User_id 238,Sholay,Amazing movie!!  must watch,2004-05-26,Very negative,120 Min,Twitter,2024-10-10 15:55:16,4.156666666666666,1200.0,Thursday,October,Average,Weekday
User_id 687,Dangal,Worst movie ever,2019-09-01,Very positive,150 Min,Youtube,2002-01-24 19:11:59,10.0,0.0,Thursday,January,Hit,Weekday
User_id 339,Pushpa,It was okay... nothing special,1990-07-09,Negative,150 Min,Twitter,2009-03-23 07:55:59,4.0,25.0,Monday,March,Average,Weekday
User_id 17,Bahubali,Worst movie ever,2016-08-18,Negative,150 Min,Netflix,2024-07-27 19:33:39,6.0,1200.0,Saturday,July,Average,Weekend
User_id 523,3 idiots,Bad direction  poor script,2024-07-16,Neutral,120 Min,Youtube,1995-04-06 21:31:48,4.156666666666666,25.0,Thursday,April,Average,Weekday
User_id 175,3 idiots,Excellent visuals but slow,2014-11-13,Negative,120 Min,Facebook,2009-12-07 08:49:52,0.0,50.0,Monday,December,Flop,Weekday
User_id 65,Dangal,It was okay... nothing special,2019-09-08,Negative,90 Min,Facebook,2000-06-03 00:55:47,7.5,3.0,Saturday,June,Average,Weekend
User_id 901,Rrr,Amazing movie!!  must watch,1991-03-28,Neutral,90 Min,Facebook,2009-05-05 06:11:35,4.156666666666666,1200.0,Tuesday,May,Average,Weekday
User_id 123,Rrr,Excellent visuals but slow,1997-02-01,Positive,90 Min,Netflix,2021-07-17 04:13:14,0.0,50.0,Saturday,July,Flop,Weekend
User_id 705,Jawan,Not worth the hype,1993-06-01,Very negative,150 Min,Twitter,1991-07-25 06:30:44,-2.0,50.0,Thursday,July,Flop,Weekday
User_id 169,Interstellar,Worst movie ever,2000-02-01,Very positive,180 Min,Youtube,1999-07-24 17:43:06,4.156666666666666,3.0,Saturday,July,Average,Weekend
User_id 389,Kgf chapter 2,Amazing movie!!  must watch,1991-12-31,Neutral,90 Min,Imdb,2021-12-26 00:57:26,0.0,25.0,Sunday,December,Flop,Weekend
User_id 96,Inception,Bad direction  poor script,1996-09-12,Very positive,90 Min,Netflix,2003-03-15 11:04:07,5.0,3.0,Saturday,March,Average,Weekend
User_id 26,Bahubali,Not worth the hype,1997-06-25,Negative,90 Min,Twitter,2015-07-13 21:53:49,4.0,3.0,Monday,July,Average,Weekday
User_id 190,Pushpa,Amazing movie!!  must watch,1994-01-08,Very positive,150 Min,Netflix,1996-06-09 17:25:30,-2.0,3.0,Sunday,June,Flop,Weekend
User_id 722,Titanic,Amazing movie!!  must watch,2008-02-12,Positive,90 Min,Netflix,2001-11-27 02:15:32,0.0,25.0,Tuesday,November,Flop,Weekday
User_id 614,Rrr,Worst movie ever,2015-04-19,Very negative,90 Min,Netflix,2008-04-27 06:08:14,5.0,1200.0,Sunday,April,Average,Weekend
User_id 431,Lagaan,It was okay... nothing special,2016-05-01,Very negative,150 Min,Twitter,1997-11-19 03:13:13,0.0,3.0,Wednesday,November,Flop,Weekday
User_id 20,Dangal,Worst movie ever,2012-07-20,Positive,180 Min,Instagram,2017-08-19 15:12:50,10.0,3.0,Saturday,August,Hit,Weekend
User_id 948,The dark knight,Amazing movie!!  must watch,1991-05-05,Positive,150 Min,Facebook,2022-09-05 15:08:10,0.0,3.0,Monday,September,Flop,Weekday
User_id 14,Titanic,Bad direction  poor script,1996-12-01,Very positive,180 Min,Facebook,2024-03-17 11:47:38,4.156666666666666,3.0,Sunday,March,Average,Weekend
User_id 524,Pushpa,Bad direction  poor script,2000-09-12,Very positive,150 Min,Facebook,1996-08-05 12:21:55,4.156666666666666,1200.0,Monday,August,Average,Weekday
User_id 329,Interstellar,It was okay... nothing special,2004-07-26,Very negative,180 Min,Twitter,2020-10-09 01:02:36,4.156666666666666,1200.0,Friday,October,Average,Weekday
User_id 28,Pushpa,It was okay... nothing special,1993-10-01,Very negative,150 Min,Imdb,1993-05-29 04:21:58,5.0,3.0,Saturday,May,Average,Weekend
User_id 73,3 idiots,Worst movie ever,2016-01-21,Neutral,180 Min,Twitter,2020-03-11 14:30:31,2.5,3.0,Wednesday,March,Flop,Weekday
User_id 550,Jawan,Bad direction  poor script,1997-01-01,Neutral,150 Min,Twitter,2013-09-10 21:56:26,4.0,3.0,Tuesday,September,Average,Weekday
User_id 32,Pathaan,Bad direction  poor script,2008-02-10,Negative,150 Min,Youtube,2008-12-21 16:53:43,-2.0,3.0,Sunday,December,Flop,Weekend
User_id 79,Sholay,Loved the acting and story,2011-12-11,Very positive,90 Min,Facebook,2023-11-12 14:20:52,6.0,25.0,Sunday,November,Average,Weekend
User_id 249,Titanic,Amazing movie!!  must watch,1992-10-14,Positive,150 Min,Instagram,1992-04-27 12:30:22,6.0,0.0,Monday,April,Average,Weekday
User_id 418,Pushpa,Bad direction  poor script,2003-10-09,Positive,90 Min,Instagram,1996-09-12 19:10:08,7.5,50.0,Thursday,September,Average,Weekday
User_id 2,Sholay,Not worth the hype,2003-08-22,Very negative,180 Min,Netflix,2003-12-22 02:00:45,2.5,50.0,Monday,December,Flop,Weekday
User_id 619,Bahubali,Loved the acting and story,1995-04-18,Very negative,90 Min,Youtube,2008-08-15 08:32:40,10.0,3.0,Friday,August,Hit,Weekday
User_id 12,3 idiots,Worst movie ever,2012-03-18,Positive,90 Min,Netflix,2006-09-06 00:17:04,6.0,25.0,Wednesday,September,Average,Weekday
User_id 24,Bahubali,Amazing movie!!  must watch,1995-08-14,Very positive,150 Min,Netflix,2009-08-21 00:19:29,4.0,3.0,Friday,August,Average,Weekday
User_id 783,Pathaan,Amazing movie!!  must watch,2020-07-06,Very negative,150 Min,Netflix,2018-05-14 03:01:14,5.0,3.0,Monday,May,Average,Weekday
User_id 595,Titanic,Loved the acting and story,1994-05-19,Positive,180 Min,Facebook,1994-12-29 13:59:12,7.5,1200.0,Thursday,December,Average,Weekday
User_id 688,Sholay,Bad direction  poor script,1997-04-04,Negative,90 Min,Twitter,2007-02-25 00:49:57,10.0,1200.0,Sunday,February,Hit,Weekend
User_id 793,Lagaan,Amazing movie!!  must watch,2024-08-30,Neutral,120 Min,Twitter,1995-08-31 20:55:18,2.5,25.0,Thursday,August,Flop,Weekday
User_id 79,Pushpa,It was okay... nothing special,1990-03-26,Negative,90 Min,Imdb,2020-06-06 11:56:55,2.5,50.0,Saturday,June,Flop,Weekend
User_id 54,The dark knight,Loved the acting and story,2014-02-06,Neutral,90 Min,Twitter,2020-07-23 22:01:37,5.0,0.0,Thursday,July,Average,Weekday
User_id 726,The dark knight,Amazing movie!!  must watch,1995-04-07,Neutral,180 Min,Netflix,1993-08-25 05:43:24,0.0,50.0,Wednesday,August,Flop,Weekday
User_id 645,The dark knight,Loved the acting and story,1995-05-14,Neutral,150 Min,Twitter,2010-07-26 00:52:30,7.5,1200.0,Monday,July,Average,Weekday
User_id 104,The dark knight,Loved the acting and story,2019-08-12,Negative,120 Min,Youtube,2002-09-02 04:32:20,5.0,1200.0,Monday,September,Average,Weekday
User_id 61,Interstellar,Not worth the hype,1996-07-14,Very positive,150 Min,Instagram,1992-01-02 02:01:26,2.5,50.0,Thursday,January,Flop,Weekday
User_id 24,3 idiots,Amazing movie!!  must watch,2007-11-26,Positive,180 Min,Instagram,2013-12-19 12:03:30,-2.0,1200.0,Thursday,December,Flop,Weekday
User_id 235,3 idiots,Amazing movie!!  must watch,1995-03-11,Very positive,120 Min,Instagram,2000-10-02 08:25:41,4.0,0.0,Monday,October,Average,Weekday
User_id 742,3 idiots,Excellent visuals but slow,2024-10-18,Negative,90 Min,Youtube,2021-06-08 13:26:24,7.5,1200.0,Tuesday,June,Average,Weekday
User_id 892,Jawan,Loved the acting and story,1990-05-07,Negative,180 Min,Instagram,2020-01-23 00:17:29,-2.0,50.0,Thursday,January,Flop,Weekday
User_id 66,Jawan,Bad direction  poor script,1991-03-22,Positive,150 Min,Twitter,2018-05-24 07:40:06,5.0,0.0,Thursday,May,Average,Weekday
User_id 49,Interstellar,Not worth the hype,1994-03-16,Very positive,150 Min,Youtube,2024-08-18 18:06:50,7.5,25.0,Sunday,August,Average,Weekend
User_id 27,Pathaan,Worst movie ever,2019-11-30,Negative,180 Min,Imdb,2008-06-24 19:36:42,7.5,1200.0,Tuesday,June,Average,Weekday
User_id 206,Jawan,Loved the acting and story,2014-09-15,Neutral,180 Min,Twitter,2006-06-21 17:31:48,0.0,0.0,Wednesday,June,Flop,Weekday
User_id 120,Avatar,Worst movie ever,2015-12-10,Positive,180 Min,Facebook,2011-01-07 08:18:29,7.5,3.0,Friday,January,Average,Weekday
User_id 248,Inception,Worst movie ever,2023-09-24,Neutral,150 Min,Netflix,2006-02-17 13:42:18,0.0,50.0,Friday,February,Flop,Weekday
User_id 340,3 idiots,It was okay... nothing special,2013-07-28,Neutral,150 Min,Twitter,2005-01-19 13:19:47,7.5,0.0,Wednesday,January,Average,Weekday
User_id 298,Avatar,Not worth the hype,2020-03-19,Neutral,150 Min,Instagram,1992-11-14 11:42:17,5.0,25.0,Saturday,November,Average,Weekend
User_id 999,Kgf chapter 2,Loved the acting and story,2004-03-10,Positive,150 Min,Instagram,2017-01-23 06:53:23,4.0,25.0,Monday,January,Average,Weekday
User_id 952,Pushpa,Amazing movie!!  must watch,1996-02-08,Negative,180 Min,Twitter,2019-09-06 15:44:10,7.5,3.0,Friday,September,Average,Weekday
User_id 149,Lagaan,It was okay... nothing special,1992-08-19,Very negative,180 Min,Twitter,2014-12-11 15:12:48,4.0,0.0,Thursday,December,Average,Weekday
User_id 757,Pathaan,Not worth the hype,2015-01-17,Negative,180 Min,Facebook,1993-04-01 05:57:29,2.5,50.0,Thursday,April,Flop,Weekday
User_id 169,Avatar,It was okay... nothing special,2007-02-12,Neutral,150 Min,Instagram,2014-03-28 09:26:04,7.5,0.0,Friday,March,Average,Weekday
User_id 810,Interstellar,It was okay... nothing special,1993-04-29,Negative,150 Min,Twitter,2002-09-23 13:41:59,2.5,1200.0,Monday,September,Flop,Weekday
User_id 149,Lagaan,Bad direction  poor script,2021-09-19,Positive,150 Min,Imdb,2000-02-20 05:44:58,-2.0,3.0,Sunday,February,Flop,Weekend
User_id 186,3 idiots,Bad direction  poor script,2019-02-14,Negative,180 Min,Instagram,1995-03-11 01:27:11,0.0,0.0,Saturday,March,Flop,Weekend
User_id 188,Rrr,Amazing movie!!  must watch,2007-10-19,Positive,180 Min,Facebook,2016-12-06 14:18:16,7.5,25.0,Tuesday,December,Average,Weekday
User_id 121,The dark knight,Bad direction  poor script,1991-10-28,Very negative,90 Min,Netflix,1995-04-04 09:01:01,10.0,1200.0,Tuesday,April,Hit,Weekday
User_id 928,Interstellar,Bad direction  poor script,2017-11-02,Very negative,150 Min,Imdb,2015-12-30 14:02:36,4.0,1200.0,Wednesday,December,Average,Weekday
User_id 282,Pushpa,Loved the acting and story,2022-02-10,Neutral,150 Min,Imdb,2009-12-04 02:35:00,7.5,3.0,Friday,December,Average,Weekday
User_id 885,Jawan,Amazing movie!!  must watch,1998-07-14,Very positive,120 Min,Twitter,2005-03-04 10:23:29,10.0,1200.0,Friday,March,Hit,Weekday
User_id 235,Jawan,Excellent visuals but slow,2001-04-25,Negative,180 Min,Imdb,2024-01-03 14:43:43,-2.0,25.0,Wednesday,January,Flop,Weekday
User_id 38,3 idiots,Loved the acting and story,2023-01-05,Positive,90 Min,Youtube,2023-09-16 21:37:21,4.0,25.0,Saturday,September,Average,Weekend
User_id 46,Pathaan,Loved the acting and story,2023-04-21,Very negative,150 Min,Youtube,1992-03-25 23:52:23,10.0,3.0,Wednesday,March,Hit,Weekday
User_id 23,3 idiots,Bad direction  poor script,2023-10-04,Very positive,120 Min,Twitter,2012-03-31 13:04:58,2.5,3.0,Saturday,March,Flop,Weekend
User_id 451,Lagaan,Loved the acting and story,1991-08-29,Positive,120 Min,Instagram,2004-02-28 21:04:33,4.156666666666666,3.0,Saturday,February,Average,Weekend
User_id 589,Interstellar,Worst movie ever,2005-02-14,Very positive,90 Min,Youtube,1995-02-04 17:49:41,2.5,0.0,Saturday,February,Flop,Weekend
User_id 705,Lagaan,Excellent visuals but slow,2015-09-17,Very negative,120 Min,Twitter,2018-10-04 05:28:13,0.0,50.0,Thursday,October,Flop,Weekday
User_id 906,Bahubali,Amazing movie!!  must watch,2015-08-06,Neutral,150 Min,Twitter,1996-09-25 09:01:50,7.5,0.0,Wednesday,September,Average,Weekday
User_id 224,The dark knight,Loved the acting and story,2005-06-02,Positive,120 Min,Youtube,1990-06-24 20:31:52,10.0,0.0,Sunday,June,Hit,Weekend
User_id 214,Titanic,Amazing movie!!  must watch,2005-01-19,Very negative,150 Min,Netflix,2016-05-23 06:41:44,10.0,25.0,Monday,May,Hit,Weekday
User_id 56,Inception,Amazing movie!!  must watch,2000-04-30,Very negative,150 Min,Imdb,2011-04-03 13:56:36,-2.0,3.0,Sunday,April,Flop,Weekend
User_id 344,Pushpa,Amazing movie!!  must watch,1997-06-02,Very positive,90 Min,Twitter,2021-11-22 12:15:28,-2.0,3.0,Monday,November,Flop,Weekday
User_id 184,Jawan,Bad direction  poor script,1997-10-26,Negative,180 Min,Facebook,2005-11-16 20:01:18,5.0,0.0,Wednesday,November,Average,Weekday
User_id 637,Inception,Loved the acting and story,2012-03-18,Positive,180 Min,Imdb,2014-09-09 00:05:21,4.0,0.0,Tuesday,September,Average,Weekday
User_id 128,Sholay,Worst movie ever,1998-03-30,Neutral,150 Min,Youtube,1994-07-02 05:18:15,0.0,25.0,Saturday,July,Flop,Weekend
User_id 588,Kgf chapter 2,It was okay... nothing special,1995-03-01,Neutral,150 Min,Facebook,2001-05-26 14:34:10,4.156666666666666,50.0,Saturday,May,Average,Weekend
User_id 16,Interstellar,Not worth the hype,2012-09-15,Neutral,150 Min,Netflix,2021-06-25 13:09:08,7.5,1200.0,Friday,June,Average,Weekday
User_id 109,Dangal,Bad direction  poor script,2006-10-27,Positive,180 Min,Netflix,2012-01-11 23:37:36,-2.0,50.0,Wednesday,January,Flop,Weekday
User_id 68,3 idiots,Worst movie ever,2010-03-13,Negative,120 Min,Instagram,2005-04-23 03:08:57,4.0,25.0,Saturday,April,Average,Weekend
User_id 171,3 idiots,Amazing movie!!  must watch,2020-07-26,Neutral,90 Min,Imdb,2010-08-31 16:51:38,7.5,0.0,Tuesday,August,Average,Weekday
User_id 103,Sholay,It was okay... nothing special,2023-08-31,Negative,180 Min,Netflix,2009-12-01 19:39:29,4.156666666666666,3.0,Tuesday,December,Average,Weekday
User_id 577,Rrr,It was okay... nothing special,2009-06-02,Very negative,90 Min,Twitter,2009-03-20 22:45:59,7.5,50.0,Friday,March,Average,Weekday
User_id 78,3 idiots,Excellent visuals but slow,2010-10-17,Very positive,120 Min,Imdb,2004-04-10 09:40:53,7.5,25.0,Saturday,April,Average,Weekend
User_id 84,Pushpa,Bad direction  poor script,2003-04-18,Neutral,150 Min,Netflix,2017-05-02 10:55:26,-2.0,3.0,Tuesday,May,Flop,Weekday
User_id 69,Rrr,Worst movie ever,2003-07-09,Very positive,180 Min,Twitter,2017-01-02 14:04:22,4.156666666666666,25.0,Monday,January,Average,Weekday
User_id 884,Rrr,Loved the acting and story,2008-10-21,Very positive,120 Min,Imdb,2012-12-19 04:06:49,0.0,25.0,Wednesday,December,Flop,Weekday
User_id 153,Rrr,Loved the acting and story,2021-11-13,Very positive,180 Min,Youtube,2014-04-02 20:06:03,4.0,50.0,Wednesday,April,Average,Weekday
User_id 170,Pathaan,Worst movie ever,2004-09-16,Very positive,180 Min,Facebook,2014-03-21 09:41:29,4.156666666666666,1200.0,Friday,March,Average,Weekday
User_id 180,Dangal,Loved the acting and story,1993-09-27,Positive,150 Min,Youtube,2012-10-11 21:24:27,4.156666666666666,25.0,Thursday,October,Average,Weekday
User_id 148,Sholay,Amazing movie!!  must watch,2007-02-26,Very negative,90 Min,Facebook,2014-06-10 13:54:39,4.0,25.0,Tuesday,June,Average,Weekday
User_id 850,Pathaan,It was okay... nothing special,1997-01-31,Negative,90 Min,Twitter,1995-10-19 09:04:46,2.5,25.0,Thursday,October,Flop,Weekday
User_id 8,Jawan,Excellent visuals but slow,1995-08-14,Neutral,150 Min,Twitter,1996-12-08 12:27:45,2.5,3.0,Sunday,December,Flop,Weekend
User_id 426,Interstellar,Bad direction  poor script,2015-04-01,Neutral,90 Min,Netflix,1993-09-08 22:00:38,6.0,50.0,Wednesday,September,Average,Weekday
User_id 69,Dangal,Amazing movie!!  must watch,1992-10-18,Negative,120 Min,Twitter,2020-04-24 07:41:47,7.5,1200.0,Friday,April,Average,Weekday
User_id 956,Titanic,Worst movie ever,2024-08-25,Neutral,120 Min,Instagram,1997-11-30 22:02:11,5.0,3.0,Sunday,November,Average,Weekend
User_id 316,Sholay,Bad direction  poor script,2024-03-17,Negative,150 Min,Instagram,2013-11-23 20:51:10,5.0,3.0,Saturday,November,Average,Weekend
User_id 162,Dangal,It was okay... nothing special,2016-10-06,Very positive,150 Min,Instagram,1994-12-14 19:14:28,0.0,3.0,Wednesday,December,Flop,Weekday
User_id 907,Rrr,Loved the acting and story,1994-09-21,Negative,150 Min,Instagram,1991-12-31 12:55:35,6.0,25.0,Tuesday,December,Average,Weekday
User_id 399,Titanic,Loved the acting and story,2010-06-30,Very positive,180 Min,Netflix,2001-02-19 04:12:13,5.0,3.0,Monday,February,Average,Weekday
User_id 28,Inception,Not worth the hype,1991-03-05,Very positive,150 Min,Instagram,2000-04-08 14:44:26,10.0,25.0,Saturday,April,Hit,Weekend
User_id 526,Pushpa,Bad direction  poor script,1994-05-27,Very positive,180 Min,Facebook,2019-01-15 03:00:22,4.0,1200.0,Tuesday,January,Average,Weekday
User_id 290,Avatar,Bad direction  poor script,1990-09-14,Neutral,150 Min,Facebook,1994-05-20 16:01:14,5.0,3.0,Friday,May,Average,Weekday
User_id 993,Pathaan,Bad direction  poor script,2004-12-14,Neutral,120 Min,Imdb,2015-03-13 14:58:26,5.0,50.0,Friday,March,Average,Weekday
User_id 446,Sholay,Excellent visuals but slow,1999-08-02,Positive,90 Min,Imdb,2001-01-09 04:52:07,-2.0,3.0,Tuesday,January,Flop,Weekday
User_id 398,3 idiots,Excellent visuals but slow,2009-03-01,Positive,150 Min,Netflix,2001-09-17 11:51:41,-2.0,25.0,Monday,September,Flop,Weekday
User_id 179,Avatar,It was okay... nothing special,2009-07-03,Very negative,180 Min,Youtube,2013-01-18 10:32:51,7.5,3.0,Friday,January,Average,Weekday
User_id 116,Dangal,Loved the acting and story,2021-12-26,Very positive,150 Min,Imdb,2004-07-07 11:18:33,2.5,3.0,Wednesday,July,Flop,Weekday
User_id 954,Avatar,Worst movie ever,2011-07-24,Negative,90 Min,Netflix,2006-08-22 20:16:08,6.0,1200.0,Tuesday,August,Average,Weekday
User_id 26,Inception,Loved the acting and story,2020-04-20,Very negative,150 Min,Youtube,2003-10-29 13:02:49,4.0,50.0,Wednesday,October,Average,Weekday
User_id 378,Interstellar,Not worth the hype,2021-02-27,Negative,90 Min,Facebook,2004-01-30 15:50:22,5.0,25.0,Friday,January,Average,Weekday
User_id 647,Inception,Excellent visuals but slow,1999-07-19,Positive,90 Min,Twitter,1998-07-18 01:42:06,4.0,3.0,Saturday,July,Average,Weekend
User_id 89,Lagaan,Amazing movie!!  must watch,2000-10-26,Neutral,150 Min,Youtube,2018-09-08 04:25:44,-2.0,3.0,Saturday,September,Flop,Weekend
User_id 647,Pushpa,Loved the acting and story,2005-01-29,Neutral,90 Min,Twitter,2004-08-17 09:46:21,5.0,50.0,Tuesday,August,Average,Weekday
User_id 520,Dangal,Worst movie ever,2002-12-10,Very positive,120 Min,Netflix,1991-03-18 21:34:48,4.0,50.0,Monday,March,Average,Weekday
User_id 80,The dark knight,Worst movie ever,2022-06-27,Positive,150 Min,Twitter,2014-11-09 12:07:35,6.0,25.0,Sunday,November,Average,Weekend
User_id 372,Jawan,Bad direction  poor script,2022-01-03,Neutral,180 Min,Twitter,1998-01-05 18:39:27,4.156666666666666,3.0,Monday,January,Average,Weekday
User_id 140,3 idiots,It was okay... nothing special,2016-02-07,Very negative,180 Min,Netflix,2010-01-28 19:00:33,4.0,25.0,Thursday,January,Average,Weekday
User_id 741,Dangal,Excellent visuals but slow,1993-01-10,Negative,90 Min,Youtube,2001-01-28 08:27:52,2.5,3.0,Sunday,January,Flop,Weekend
User_id 42,Lagaan,Bad direction  poor script,2001-06-29,Very positive,180 Min,Facebook,2010-10-15 12:02:13,10.0,0.0,Friday,October,Hit,Weekday
User_id 849,Jawan,Bad direction  poor script,2018-09-17,Very negative,180 Min,Instagram,1999-09-16 22:18:12,-2.0,50.0,Thursday,September,Flop,Weekday
User_id 153,Lagaan,It was okay... nothing special,1992-06-23,Negative,90 Min,Netflix,1992-04-17 00:47:08,2.5,50.0,Friday,April,Flop,Weekday
User_id 118,Lagaan,It was okay... nothing special,2007-09-26,Negative,150 Min,Twitter,1997-10-12 03:09:28,0.0,50.0,Sunday,October,Flop,Weekend
User_id 1,Lagaan,It was okay... nothing special,2022-07-29,Neutral,150 Min,Imdb,1990-06-08 00:03:23,0.0,0.0,Friday,June,Flop,Weekday
User_id 223,Rrr,Amazing movie!!  must watch,2009-04-29,Neutral,120 Min,Youtube,2021-04-09 05:33:23,0.0,3.0,Friday,April,Flop,Weekday
User_id 528,Kgf chapter 2,Not worth the hype,1993-04-01,Positive,150 Min,Youtube,2023-09-24 14:00:19,2.5,50.0,Sunday,September,Flop,Weekend
User_id 180,Bahubali,It was okay... nothing special,2014-09-03,Very positive,150 Min,Instagram,2007-06-22 08:53:15,7.5,25.0,Friday,June,Average,Weekday
User_id 41,Sholay,It was okay... nothing special,1998-09-13,Very negative,90 Min,Instagram,2023-05-13 08:33:53,4.0,3.0,Saturday,May,Average,Weekend
User_id 89,Avatar,Loved the acting and story,2022-08-04,Positive,150 Min,Instagram,2006-01-27 01:48:32,10.0,0.0,Friday,January,Hit,Weekday
User_id 20,Inception,It was okay... nothing special,1994-04-18,Very positive,150 Min,Instagram,2019-04-27 01:03:19,-2.0,3.0,Saturday,April,Flop,Weekend
User_id 517,Pathaan,Not worth the hype,2011-01-28,Negative,180 Min,Facebook,2009-09-10 21:47:16,4.156666666666666,25.0,Thursday,September,Average,Weekday
User_id 730,Avatar,Amazing movie!!  must watch,2005-03-24,Very positive,150 Min,Facebook,2014-02-09 00:02:26,2.5,0.0,Sunday,February,Flop,Weekend
User_id 909,The dark knight,Worst movie ever,2016-06-19,Positive,150 Min,Instagram,2019-07-15 04:43:50,-2.0,25.0,Monday,July,Flop,Weekday
User_id 6,Bahubali,Worst movie ever,2015-10-13,Negative,150 Min,Youtube,2014-10-30 03:00:25,4.156666666666666,0.0,Thursday,October,Average,Weekday
User_id 142,Avatar,Not worth the hype,2000-07-26,Neutral,150 Min,Netflix,2020-04-26 20:22:34,0.0,1200.0,Sunday,April,Flop,Weekend
User_id 61,The dark knight,Loved the acting and story,2020-03-12,Neutral,90 Min,Netflix,2011-12-18 03:31:25,2.5,25.0,Sunday,December,Flop,Weekend
User_id 20,Lagaan,Amazing movie!!  must watch,1994-07-19,Positive,150 Min,Facebook,2004-10-04 08:39:49,4.156666666666666,3.0,Monday,October,Average,Weekday
User_id 555,Inception,Amazing movie!!  must watch,2017-11-12,Neutral,180 Min,Youtube,2023-03-06 10:05:42,6.0,0.0,Monday,March,Average,Weekday
User_id 668,Pathaan,Excellent visuals but slow,1990-04-08,Negative,180 Min,Imdb,2003-02-23 08:16:56,6.0,25.0,Sunday,February,Average,Weekend
User_id 433,Sholay,It was okay... nothing special,2021-08-12,Positive,150 Min,Facebook,2012-05-18 02:39:40,0.0,0.0,Friday,May,Flop,Weekday
User_id 421,The dark knight,Excellent visuals but slow,1996-10-29,Very negative,120 Min,Twitter,2021-09-13 09:01:25,2.5,3.0,Monday,September,Flop,Weekday
User_id 986,Lagaan,It was okay... nothing special,2012-06-07,Positive,150 Min,Facebook,1995-03-30 15:01:15,10.0,25.0,Thursday,March,Hit,Weekday
User_id 81,Inception,Not worth the hype,2019-01-15,Very positive,150 Min,Netflix,2002-09-03 06:29:37,5.0,25.0,Tuesday,September,Average,Weekday
User_id 37,Bahubali,Excellent visuals but slow,2020-09-17,Negative,90 Min,Instagram,2000-01-31 20:49:08,7.5,25.0,Monday,January,Average,Weekday
User_id 92,The dark knight,Excellent visuals but slow,2023-10-09,Neutral,180 Min,Twitter,2007-05-17 08:54:11,2.5,3.0,Thursday,May,Flop,Weekday
User_id 582,Jawan,Excellent visuals but slow,2019-06-01,Neutral,150 Min,Imdb,2006-09-11 04:20:19,0.0,50.0,Monday,September,Flop,Weekday
User_id 160,Lagaan,Excellent visuals but slow,2018-03-28,Very positive,150 Min,Youtube,2002-10-01 04:55:28,5.0,3.0,Tuesday,October,Average,Weekday
User_id 262,3 idiots,It was okay... nothing special,2002-05-02,Very negative,90 Min,Instagram,2014-02-26 08:40:48,10.0,3.0,Wednesday,February,Hit,Weekday
User_id 536,Titanic,Excellent visuals but slow,2023-06-13,Very positive,150 Min,Twitter,2024-12-14 14:53:20,5.0,3.0,Saturday,December,Average,Weekend
User_id 31,3 idiots,Worst movie ever,2008-08-20,Positive,150 Min,Twitter,2019-07-02 20:46:09,10.0,25.0,Tuesday,July,Hit,Weekday
User_id 119,The dark knight,Loved the acting and story,2024-05-27,Neutral,150 Min,Netflix,2004-12-21 09:22:20,5.0,1200.0,Tuesday,December,Average,Weekday
User_id 781,Kgf chapter 2,Loved the acting and story,2001-05-12,Very positive,180 Min,Instagram,2011-12-01 22:30:37,-2.0,3.0,Thursday,December,Flop,Weekday
User_id 130,The dark knight,Amazing movie!!  must watch,1992-06-21,Very positive,150 Min,Facebook,2016-11-16 15:53:14,7.5,50.0,Wednesday,November,Average,Weekday
User_id 179,Rrr,Not worth the hype,1990-03-15,Very negative,150 Min,Instagram,2005-11-04 17:46:28,0.0,1200.0,Friday,November,Flop,Weekday
User_id 117,Titanic,Excellent visuals but slow,2010-06-06,Very positive,180 Min,Youtube,1996-08-05 06:18:16,2.5,0.0,Monday,August,Flop,Weekday
User_id 537,Avatar,Bad direction  poor script,2022-09-15,Very negative,150 Min,Facebook,2013-07-15 14:43:36,2.5,3.0,Monday,July,Flop,Weekday
User_id 878,Dangal,It was okay... nothing special,2017-07-30,Very negative,150 Min,Netflix,2020-12-26 15:13:36,2.5,1200.0,Saturday,December,Flop,Weekend
User_id 13,Interstellar,Excellent visuals but slow,2014-01-29,Positive,150 Min,Twitter,2013-11-08 01:10:43,4.156666666666666,25.0,Friday,November,Average,Weekday
User_id 685,Pathaan,Worst movie ever,2016-05-28,Neutral,180 Min,Twitter,2007-05-02 18:30:43,-2.0,1200.0,Wednesday,May,Flop,Weekday
User_id 138,Titanic,Worst movie ever,2024-11-01,Very positive,180 Min,Youtube,2000-03-04 15:37:33,5.0,3.0,Saturday,March,Average,Weekend
User_id 277,3 idiots,Amazing movie!!  must watch,2004-01-17,Positive,180 Min,Imdb,1998-07-08 23:02:21,7.5,3.0,Wednesday,July,Average,Weekday
User_id 32,Inception,Bad direction  poor script,2004-01-26,Positive,120 Min,Twitter,2009-10-08 08:27:52,6.0,3.0,Thursday,October,Average,Weekday
User_id 49,Dangal,It was okay... nothing special,1997-02-20,Very negative,150 Min,Twitter,2003-10-10 06:34:39,4.0,3.0,Friday,October,Average,Weekday
User_id 125,Avatar,Amazing movie!!  must watch,2007-03-01,Neutral,180 Min,Youtube,1994-12-05 04:11:07,2.5,3.0,Monday,December,Flop,Weekday
User_id 173,The dark knight,Excellent visuals but slow,2018-05-25,Neutral,180 Min,Imdb,2011-01-24 11:53:46,4.0,1200.0,Monday,January,Average,Weekday
User_id 67,Dangal,Excellent visuals but slow,1999-11-29,Very negative,120 Min,Instagram,1999-02-21 05:29:29,2.5,50.0,Sunday,February,Flop,Weekend
User_id 70,3 idiots,It was okay... nothing special,2013-02-10,Very negative,150 Min,Instagram,2000-09-15 17:47:20,5.0,3.0,Friday,September,Average,Weekday
User_id 706,Dangal,Bad direction  poor script,2020-11-23,Neutral,120 Min,Imdb,1990-01-18 08:42:38,0.0,50.0,Thursday,January,Flop,Weekday
User_id 636,Avatar,Amazing movie!!  must watch,2021-02-20,Positive,90 Min,Twitter,2011-02-26 14:26:49,5.0,50.0,Saturday,February,Average,Weekend
User_id 735,Rrr,It was okay... nothing special,2021-05-30,Positive,180 Min,Netflix,2006-08-18 06:40:36,10.0,50.0,Friday,August,Hit,Weekday
User_id 7,Titanic,Excellent visuals but slow,2015-08-16,Very positive,150 Min,Netflix,2002-03-04 22:46:58,0.0,50.0,Monday,March,Flop,Weekday
User_id 197,Bahubali,Not worth the hype,2014-04-20,Positive,180 Min,Twitter,2010-12-08 23:55:28,4.156666666666666,25.0,Wednesday,December,Average,Weekday
User_id 103,Avatar,Excellent visuals but slow,2021-05-29,Neutral,180 Min,Facebook,2020-05-15 17:07:21,6.0,3.0,Friday,May,Average,Weekday
User_id 426,Dangal,Excellent visuals but slow,2011-04-28,Very negative,180 Min,Facebook,1996-12-16 22:27:48,4.0,3.0,Monday,December,Average,Weekday
User_id 231,Pushpa,It was okay... nothing special,2017-07-20,Negative,150 Min,Instagram,2002-06-13 12:00:42,10.0,3.0,Thursday,June,Hit,Weekday
User_id 774,Pathaan,Excellent visuals but slow,1993-12-18,Positive,90 Min,Instagram,2014-10-07 10:15:56,6.0,3.0,Tuesday,October,Average,Weekday
User_id 533,Sholay,Loved the acting and story,2007-11-29,Very positive,150 Min,Facebook,2018-08-16 15:18:22,7.5,1200.0,Thursday,August,Average,Weekday
User_id 54,Inception,Amazing movie!!  must watch,2021-04-06,Negative,150 Min,Twitter,2017-04-19 12:02:19,2.5,1200.0,Wednesday,April,Flop,Weekday
User_id 369,Avatar,Amazing movie!!  must watch,2024-01-27,Positive,150 Min,Imdb,2009-04-19 08:17:08,5.0,1200.0,Sunday,April,Average,Weekend
User_id 873,Inception,Excellent visuals but slow,2004-06-16,Positive,150 Min,Facebook,2014-10-07 03:11:12,7.5,50.0,Tuesday,October,Average,Weekday
User_id 126,3 idiots,Amazing movie!!  must watch,2017-11-10,Negative,150 Min,Twitter,2006-01-29 16:49:36,0.0,3.0,Sunday,January,Flop,Weekend
User_id 535,Titanic,It was okay... nothing special,1993-09-15,Very positive,150 Min,Youtube,2016-12-16 20:01:49,10.0,50.0,Friday,December,Hit,Weekday
User_id 65,Rrr,Loved the acting and story,1994-08-03,Negative,150 Min,Imdb,2011-06-15 00:50:03,2.5,25.0,Wednesday,June,Flop,Weekday
User_id 637,Jawan,Loved the acting and story,2024-08-10,Positive,150 Min,Youtube,2016-01-23 04:52:01,4.156666666666666,0.0,Saturday,January,Average,Weekend
User_id 621,The dark knight,Not worth the hype,2011-09-19,Very negative,150 Min,Youtube,2005-03-31 10:00:48,5.0,1200.0,Thursday,March,Average,Weekday
User_id 646,Jawan,Worst movie ever,2023-01-18,Very negative,150 Min,Imdb,1997-07-20 14:09:19,4.0,1200.0,Sunday,July,Average,Weekend
User_id 352,Kgf chapter 2,Amazing movie!!  must watch,1993-01-27,Very negative,180 Min,Facebook,2011-06-21 04:14:49,2.5,0.0,Tuesday,June,Flop,Weekday
User_id 584,Lagaan,Loved the acting and story,2016-04-26,Negative,150 Min,Netflix,2011-04-08 06:13:28,6.0,25.0,Friday,April,Average,Weekday
User_id 547,Jawan,Worst movie ever,2021-08-22,Very negative,90 Min,Imdb,2016-07-19 00:22:35,0.0,50.0,Tuesday,July,Flop,Weekday
User_id 81,Titanic,Worst movie ever,2023-09-24,Very negative,150 Min,Twitter,2018-01-30 09:04:42,6.0,3.0,Tuesday,January,Average,Weekday
User_id 142,Kgf chapter 2,Not worth the hype,2020-03-21,Very negative,120 Min,Instagram,2007-11-20 06:44:51,5.0,25.0,Tuesday,November,Average,Weekday
User_id 143,Lagaan,Loved the acting and story,2016-12-19,Positive,150 Min,Imdb,1993-12-11 14:20:09,-2.0,25.0,Saturday,December,Flop,Weekend
User_id 219,The dark knight,It was okay... nothing special,2019-12-16,Very positive,150 Min,Facebook,1990-12-18 12:45:59,5.0,3.0,Tuesday,December,Average,Weekday
User_id 176,Inception,Worst movie ever,2015-08-28,Very positive,180 Min,Twitter,2002-03-22 16:44:43,5.0,1200.0,Friday,March,Average,Weekday
User_id 30,Jawan,Loved the acting and story,2013-03-05,Very positive,90 Min,Facebook,2020-12-25 20:27:11,10.0,50.0,Friday,December,Hit,Weekday
User_id 671,Dangal,It was okay... nothing special,1999-09-13,Negative,180 Min,Youtube,1995-05-16 12:48:51,2.5,50.0,Tuesday,May,Flop,Weekday
User_id 83,3 idiots,Amazing movie!!  must watch,2012-01-03,Positive,150 Min,Instagram,1991-02-25 09:29:10,6.0,50.0,Monday,February,Average,Weekday
User_id 883,Jawan,Bad direction  poor script,2020-08-08,Negative,150 Min,Instagram,1996-03-14 18:04:48,5.0,25.0,Thursday,March,Average,Weekday
User_id 168,Dangal,Loved the acting and story,1996-05-22,Positive,150 Min,Instagram,2014-11-12 02:56:41,5.0,50.0,Wednesday,November,Average,Weekday
User_id 29,The dark knight,Not worth the hype,2020-09-15,Very positive,90 Min,Imdb,2008-10-13 10:57:05,4.156666666666666,3.0,Monday,October,Average,Weekday
User_id 714,Lagaan,Loved the acting and story,2011-06-14,Very positive,120 Min,Twitter,1997-01-06 08:01:00,5.0,1200.0,Monday,January,Average,Weekday
User_id 871,Titanic,Not worth the hype,2012-02-04,Very negative,90 Min,Imdb,2007-10-27 15:53:00,4.0,3.0,Saturday,October,Average,Weekend
User_id 78,Pushpa,Amazing movie!!  must watch,1991-10-28,Very negative,90 Min,Imdb,2007-11-08 09:19:30,5.0,3.0,Thursday,November,Average,Weekday
User_id 971,Interstellar,Loved the acting and story,1992-07-12,Very negative,180 Min,Youtube,2001-04-03 18:59:23,-2.0,0.0,Tuesday,April,Flop,Weekday
User_id 130,Pushpa,Excellent visuals but slow,1991-05-07,Very negative,150 Min,Instagram,1999-02-27 09:54:10,2.5,50.0,Saturday,February,Flop,Weekend
User_id 794,Sholay,Not worth the hype,2006-07-28,Very positive,180 Min,Netflix,2018-01-10 22:17:32,10.0,1200.0,Wednesday,January,Hit,Weekday
User_id 78,Pathaan,Excellent visuals but slow,1995-12-02,Negative,90 Min,Twitter,2000-04-23 11:21:51,10.0,1200.0,Sunday,April,Hit,Weekend
User_id 546,Jawan,Excellent visuals but slow,1994-11-25,Positive,90 Min,Imdb,2003-03-10 03:03:01,10.0,50.0,Monday,March,Hit,Weekday
User_id 52,Interstellar,Excellent visuals but slow,1999-11-24,Positive,150 Min,Facebook,1991-09-05 11:19:52,0.0,1200.0,Thursday,September,Flop,Weekday
User_id 165,Kgf chapter 2,Not worth the hype,1997-11-26,Neutral,120 Min,Imdb,1991-10-05 00:43:36,6.0,3.0,Saturday,October,Average,Weekend
User_id 637,Bahubali,Loved the acting and story,1996-02-07,Positive,150 Min,Twitter,2022-06-18 20:34:26,6.0,3.0,Saturday,June,Average,Weekend
User_id 53,Dangal,Excellent visuals but slow,1998-10-16,Very negative,150 Min,Netflix,1990-03-17 03:47:11,6.0,1200.0,Saturday,March,Average,Weekend
User_id 797,The dark knight,Amazing movie!!  must watch,1999-12-23,Negative,150 Min,Youtube,1998-03-22 08:58:03,-2.0,3.0,Sunday,March,Flop,Weekend
User_id 893,Interstellar,Not worth the hype,1993-08-09,Negative,150 Min,Netflix,1991-02-28 01:42:02,10.0,50.0,Thursday,February,Hit,Weekday
User_id 174,Bahubali,Bad direction  poor script,2013-07-14,Neutral,120 Min,Twitter,2023-12-22 04:47:05,7.5,50.0,Friday,December,Average,Weekday
User_id 136,The dark knight,Bad direction  poor script,2010-10-11,Very negative,150 Min,Instagram,2007-01-02 11:33:16,4.0,50.0,Tuesday,January,Average,Weekday
User_id 671,Pathaan,Bad direction  poor script,2005-12-13,Very negative,150 Min,Instagram,2002-03-16 20:53:24,4.0,0.0,Saturday,March,Average,Weekend
User_id 130,Pushpa,Excellent visuals but slow,2021-05-12,Very negative,90 Min,Imdb,2014-11-24 16:09:36,6.0,3.0,Monday,November,Average,Weekday
User_id 522,Titanic,Bad direction  poor script,2019-11-21,Negative,90 Min,Youtube,2017-11-19 09:01:30,5.0,1200.0,Sunday,November,Average,Weekend
User_id 173,Rrr,It was okay... nothing special,2004-04-02,Very negative,150 Min,Youtube,1990-05-24 03:53:36,-2.0,50.0,Thursday,May,Flop,Weekday
User_id 52,Avatar,Not worth the hype,2002-10-27,Positive,120 Min,Facebook,1994-07-18 04:44:33,0.0,1200.0,Monday,July,Flop,Weekday
User_id 731,Bahubali,Amazing movie!!  must watch,1997-06-08,Positive,150 Min,Facebook,2006-02-08 20:36:07,7.5,1200.0,Wednesday,February,Average,Weekday
User_id 880,Sholay,Worst movie ever,2012-04-25,Very positive,120 Min,Facebook,1997-01-15 22:22:47,4.156666666666666,3.0,Wednesday,January,Average,Weekday
User_id 361,Avatar,Amazing movie!!  must watch,2001-06-07,Neutral,180 Min,Netflix,1997-01-10 17:40:47,5.0,50.0,Friday,January,Average,Weekday
User_id 586,Avatar,Worst movie ever,2021-12-12,Neutral,150 Min,Facebook,2000-08-20 03:06:08,10.0,0.0,Sunday,August,Hit,Weekend
User_id 194,Inception,Bad direction  poor script,2002-12-01,Positive,150 Min,Twitter,2009-08-28 15:21:16,2.5,3.0,Friday,August,Flop,Weekday
User_id 28,3 idiots,Bad direction  poor script,2006-02-26,Very negative,150 Min,Youtube,2001-10-24 10:30:58,4.156666666666666,1200.0,Wednesday,October,Average,Weekday
User_id 67,Pushpa,Amazing movie!!  must watch,2023-12-06,Neutral,120 Min,Imdb,2009-12-02 21:30:40,4.0,3.0,Wednesday,December,Average,Weekday
User_id 157,Sholay,Loved the acting and story,1994-01-05,Very positive,150 Min,Youtube,2001-02-09 21:16:46,4.0,1200.0,Friday,February,Average,Weekday
User_id 294,Bahubali,Amazing movie!!  must watch,1993-09-25,Very positive,180 Min,Instagram,1997-11-27 04:35:17,2.5,50.0,Thursday,November,Flop,Weekday
User_id 131,Pathaan,Not worth the hype,1994-11-06,Negative,150 Min,Instagram,2023-02-02 05:23:27,10.0,50.0,Thursday,February,Hit,Weekday
User_id 168,Jawan,It was okay... nothing special,2016-09-24,Positive,90 Min,Imdb,1998-06-14 07:00:37,10.0,3.0,Sunday,June,Hit,Weekend
User_id 6,Pushpa,Not worth the hype,1991-08-07,Very positive,150 Min,Instagram,2001-06-28 21:24:22,4.0,50.0,Thursday,June,Average,Weekday
User_id 876,Titanic,It was okay... nothing special,2009-10-06,Negative,150 Min,Netflix,1998-04-26 05:01:39,2.5,25.0,Sunday,April,Flop,Weekend
User_id 33,Jawan,Not worth the hype,1993-09-25,Very positive,90 Min,Youtube,1990-09-29 02:58:48,2.5,1200.0,Saturday,September,Flop,Weekend
User_id 29,Pushpa,Worst movie ever,1991-11-25,Negative,150 Min,Instagram,2008-10-16 13:49:50,2.5,1200.0,Thursday,October,Flop,Weekday
User_id 249,Inception,Amazing movie!!  must watch,2020-10-24,Negative,90 Min,Netflix,2021-03-04 06:24:54,0.0,50.0,Thursday,March,Flop,Weekday
User_id 546,Pathaan,Loved the acting and story,2024-10-08,Negative,150 Min,Imdb,2022-09-29 18:13:21,5.0,0.0,Thursday,September,Average,Weekday
User_id 570,Kgf chapter 2,Loved the acting and story,1992-05-11,Very negative,150 Min,Youtube,1990-05-22 00:01:50,-2.0,3.0,Tuesday,May,Flop,Weekday
User_id 270,Sholay,It was okay... nothing special,2007-09-04,Very positive,90 Min,Netflix,2004-03-19 07:09:19,0.0,1200.0,Friday,March,Flop,Weekday
User_id 57,Kgf chapter 2,Not worth the hype,2023-07-29,Positive,150 Min,Netflix,2005-02-14 23:45:06,10.0,0.0,Monday,February,Hit,Weekday
User_id 68,The dark knight,Bad direction  poor script,2017-05-16,Neutral,180 Min,Netflix,1996-09-19 11:03:25,-2.0,25.0,Thursday,September,Flop,Weekday
User_id 755,The dark knight,Not worth the hype,2020-12-14,Very negative,150 Min,Youtube,1990-10-17 02:40:43,7.5,0.0,Wednesday,October,Average,Weekday
User_id 241,Jawan,Bad direction  poor script,1999-03-18,Positive,150 Min,Instagram,2001-03-28 21:40:41,5.0,3.0,Wednesday,March,Average,Weekday
User_id 789,Dangal,Loved the acting and story,2013-09-15,Neutral,180 Min,Instagram,2011-11-08 18:43:07,5.0,0.0,Tuesday,November,Average,Weekday
User_id 20,Dangal,Bad direction  poor script,1994-08-30,Neutral,150 Min,Facebook,2007-03-30 18:47:30,10.0,0.0,Friday,March,Hit,Weekday
User_id 1,Pushpa,Not worth the hype,2011-07-16,Positive,150 Min,Netflix,1990-07-28 22:15:27,2.5,50.0,Saturday,July,Flop,Weekend
User_id 709,Titanic,Amazing movie!!  must watch,2008-12-07,Very negative,150 Min,Twitter,1990-08-21 04:13:03,4.0,0.0,Tuesday,August,Average,Weekday
User_id 161,Kgf chapter 2,It was okay... nothing special,2014-10-03,Positive,180 Min,Facebook,2007-03-15 13:48:24,2.5,3.0,Thursday,March,Flop,Weekday
User_id 828,Bahubali,Excellent visuals but slow,1991-08-30,Very positive,150 Min,Netflix,2001-07-15 08:34:15,7.5,3.0,Sunday,July,Average,Weekend
User_id 96,The dark knight,Excellent visuals but slow,2006-03-23,Very positive,150 Min,Netflix,2013-11-12 16:23:17,7.5,25.0,Tuesday,November,Average,Weekday
User_id 158,Pushpa,Bad direction  poor script,2015-07-15,Very negative,150 Min,Instagram,2010-02-21 06:15:48,7.5,1200.0,Sunday,February,Average,Weekend
User_id 764,Sholay,It was okay... nothing special,2009-02-25,Negative,120 Min,Twitter,1993-06-23 10:54:31,0.0,25.0,Wednesday,June,Flop,Weekday
User_id 937,Jawan,Not worth the hype,2004-11-05,Neutral,120 Min,Netflix,1994-04-16 15:56:24,6.0,1200.0,Saturday,April,Average,Weekend
User_id 101,Jawan,Amazing movie!!  must watch,2023-11-16,Very positive,150 Min,Netflix,1997-12-11 22:04:15,7.5,3.0,Thursday,December,Average,Weekday
User_id 861,Rrr,Bad direction  poor script,2012-05-19,Positive,180 Min,Facebook,2015-12-12 10:01:29,2.5,50.0,Saturday,December,Flop,Weekend
User_id 546,Sholay,Amazing movie!!  must watch,2017-03-30,Negative,150 Min,Facebook,2019-12-20 10:48:50,4.156666666666666,25.0,Friday,December,Average,Weekday
User_id 40,Sholay,Amazing movie!!  must watch,2014-01-03,Negative,180 Min,Imdb,2013-06-27 01:08:31,4.0,3.0,Thursday,June,Average,Weekday
User_id 77,3 idiots,Not worth the hype,2009-08-01,Very positive,150 Min,Imdb,2016-02-08 23:44:00,2.5,0.0,Monday,February,Flop,Weekday
User_id 381,Pushpa,Bad direction  poor script,1999-11-11,Negative,150 Min,Youtube,1992-03-03 03:59:14,7.5,3.0,Tuesday,March,Average,Weekday
User_id 763,Kgf chapter 2,It was okay... nothing special,1995-06-10,Negative,90 Min,Netflix,1993-04-02 17:01:44,10.0,3.0,Friday,April,Hit,Weekday
User_id 97,Avatar,Bad direction  poor script,2020-08-07,Very negative,150 Min,Instagram,1996-09-17 22:22:34,0.0,1200.0,Tuesday,September,Flop,Weekday
User_id 159,Interstellar,Loved the acting and story,2018-02-14,Negative,180 Min,Facebook,2013-01-09 07:57:19,0.0,1200.0,Wednesday,January,Flop,Weekday
User_id 393,Jawan,Bad direction  poor script,1993-09-14,Very positive,150 Min,Twitter,2022-12-12 13:07:59,4.156666666666666,0.0,Monday,December,Average,Weekday
User_id 122,Bahubali,Amazing movie!!  must watch,1998-10-12,Very negative,120 Min,Youtube,2000-06-20 02:51:06,-2.0,1200.0,Tuesday,June,Flop,Weekday
User_id 967,Dangal,Loved the acting and story,2018-10-26,Positive,150 Min,Facebook,2007-01-29 10:49:42,0.0,50.0,Monday,January,Flop,Weekday
User_id 158,Interstellar,It was okay... nothing special,2000-05-12,Very positive,180 Min,Youtube,1993-06-07 01:44:14,5.0,1200.0,Monday,June,Average,Weekday
User_id 136,The dark knight,Bad direction  poor script,2000-04-02,Negative,90 Min,Facebook,1998-06-28 21:07:37,0.0,0.0,Sunday,June,Flop,Weekend
User_id 187,Dangal,Bad direction  poor script,1996-02-24,Negative,90 Min,Instagram,2004-08-16 00:45:54,6.0,1200.0,Monday,August,Average,Weekday
User_id 2,Kgf chapter 2,Not worth the hype,2019-04-18,Neutral,150 Min,Instagram,1994-04-03 02:41:31,5.0,25.0,Sunday,April,Average,Weekend
User_id 229,The dark knight,Loved the acting and story,2011-02-10,Positive,150 Min,Instagram,1992-12-17 00:51:44,-2.0,50.0,Thursday,December,Flop,Weekday
User_id 64,Pathaan,Bad direction  poor script,1999-04-10,Very negative,150 Min,Instagram,1990-01-15 18:50:09,0.0,3.0,Monday,January,Flop,Weekday
User_id 136,Pathaan,It was okay... nothing special,2018-11-22,Positive,120 Min,Facebook,2018-11-30 00:39:34,4.0,25.0,Friday,November,Average,Weekday
User_id 286,Bahubali,It was okay... nothing special,2003-02-24,Negative,90 Min,Youtube,2013-01-27 16:57:55,2.5,1200.0,Sunday,January,Flop,Weekend
User_id 152,Inception,It was okay... nothing special,2010-12-11,Negative,180 Min,Youtube,2024-02-07 06:51:14,7.5,50.0,Wednesday,February,Average,Weekday
User_id 961,Pathaan,Excellent visuals but slow,2016-03-13,Very negative,150 Min,Imdb,1992-09-23 05:15:10,4.156666666666666,1200.0,Wednesday,September,Average,Weekday
User_id 729,Dangal,Not worth the hype,2022-05-01,Negative,150 Min,Imdb,2019-06-26 09:09:48,7.5,0.0,Wednesday,June,Average,Weekday
User_id 95,Lagaan,Not worth the hype,1990-04-27,Positive,150 Min,Youtube,2010-11-28 06:50:36,4.0,0.0,Sunday,November,Average,Weekend
User_id 291,Avatar,It was okay... nothing special,2021-08-23,Positive,180 Min,Instagram,1995-08-02 03:59:50,-2.0,50.0,Wednesday,August,Flop,Weekday
User_id 845,3 idiots,Worst movie ever,1997-10-23,Positive,150 Min,Twitter,2006-06-07 07:14:52,4.0,3.0,Wednesday,June,Average,Weekday
User_id 126,Pathaan,Excellent visuals but slow,2022-04-08,Very negative,150 Min,Twitter,2011-11-21 10:34:49,4.156666666666666,0.0,Monday,November,Average,Weekday
User_id 729,Bahubali,Bad direction  poor script,2016-07-18,Very negative,180 Min,Facebook,1997-02-17 20:09:19,2.5,0.0,Monday,February,Flop,Weekday
User_id 69,Rrr,Amazing movie!!  must watch,2013-11-05,Very positive,90 Min,Youtube,1994-10-14 18:37:04,2.5,50.0,Friday,October,Flop,Weekday
User_id 554,Lagaan,Bad direction  poor script,2021-06-13,Neutral,90 Min,Imdb,1996-01-19 03:30:44,10.0,0.0,Friday,January,Hit,Weekday
User_id 839,Rrr,Amazing movie!!  must watch,2000-11-15,Very negative,120 Min,Facebook,2000-12-03 16:11:04,4.156666666666666,1200.0,Sunday,December,Average,Weekend
User_id 107,Dangal,Amazing movie!!  must watch,1993-11-12,Positive,90 Min,Imdb,2001-06-02 13:54:44,4.0,3.0,Saturday,June,Average,Weekend
User_id 349,Sholay,Amazing movie!!  must watch,2004-05-22,Neutral,150 Min,Facebook,2008-09-10 02:49:28,4.156666666666666,1200.0,Wednesday,September,Average,Weekday
User_id 499,Kgf chapter 2,Excellent visuals but slow,2017-03-23,Positive,180 Min,Facebook,2015-11-21 22:00:25,6.0,3.0,Saturday,November,Average,Weekend
User_id 147,Avatar,Not worth the hype,1990-02-20,Positive,90 Min,Facebook,2019-12-08 01:55:43,7.5,3.0,Sunday,December,Average,Weekend
User_id 192,Bahubali,It was okay... nothing special,2011-09-24,Very negative,120 Min,Youtube,2010-07-15 08:51:32,5.0,25.0,Thursday,July,Average,Weekday
User_id 82,The dark knight,Excellent visuals but slow,2009-07-13,Very negative,90 Min,Instagram,2004-08-08 17:47:49,-2.0,50.0,Sunday,August,Flop,Weekend
User_id 12,Lagaan,Amazing movie!!  must watch,2002-09-16,Neutral,150 Min,Facebook,2012-10-05 03:31:45,10.0,25.0,Friday,October,Hit,Weekday
